{"granularity-": 200, "granularity-ri-": 16, "granularity-pv-": 100, "min-density-threshold-": 0, "max-density-threshold-": 0.010500449783045825, "min-dist-scale-": 0.00011, "max-dist-scale-": 0.0019697715603611233, "num-jobs-ccf-": 4, "num-jobs-pv-": 4, "num-jobs-ri-": 1, "y-covariant-": "Contr", "line-": 37, "pv-gap-": 8, "pd-gap-": 1, "max-components-": 15, "max-vines-": 15, "x-start-first-line-": 0.00011, "y-start-first-line-": 0.0023744142071912373, "x-end-first-line-": 0.0004931594357234005, "y-end-first-line-": 0.0003693533211186369, "x-start-second-line-": 0.00011, "y-start-second-line-": 0.006542830259815854, "x-end-second-line-": 0.0010912619695355378, "y-end-second-line-": 0.0003693533211186369, "x-start-line-": 0.060582014969768935, "y-start-line-": 0.1051025390625, "x-end-line-": 0.12116402993953787, "y-end-line-": 0.05255126953125, "x-point-": 0.0908730224546534, "y-point-": 0.078826904296875}
