{"granularity-": 100, "granularity-ri-": 6, "granularity-pv-": 50, "min-density-threshold-": 0, "max-density-threshold-": 0.050355543642785064, "min-dist-scale-": 0, "max-dist-scale-": 4, "num-jobs-ccf-": 4, "num-jobs-pv-": 4, "num-jobs-ri-": 1, "y-covariant-": "Contr", "line-": 10, "pv-gap-": 10, "pd-gap-": 1, "max-components-": 30, "max-vines-": 15, "x-start-first-line-": 0.4646464646464647, "y-start-first-line-": 0.022634562546504398, "x-end-first-line-": 1.7171717171717171, "y-end-first-line-": 0.009918516172063723, "x-start-second-line-": 0.6666666666666667, "y-start-second-line-": 0.04145431118067659, "x-end-second-line-": 2.0404040404040407, "y-end-second-line-": 0.029755548516191173, "x-start-line-": 2.691415399389273, "y-start-line-": 0.033570362428523376, "x-end-line-": 5.382830798778546, "y-end-line-": 0.016785181214261688, "x-point-": 4.037123099083909, "y-point-": 0.025177771821392532}