{"granularity-": 100, "granularity-ri-": 16, "granularity-pv-": 40, "min-density-threshold-": 0, "max-density-threshold-": 0.05, "min-dist-scale-": 0, "max-dist-scale-": 9224.265454708946, "num-jobs-ccf-": 4, "num-jobs-pv-": 4, "num-jobs-ri-": 1, "y-covariant-": "Contr", "line-": 8, "pv-gap-": 19, "pd-gap-": 1, "max-components-": 30, "max-vines-": 30, "x-start-first-line-": 326.1103948634476, "y-start-first-line-": 0.002777777777777776, "x-end-first-line-": 6000, "y-end-first-line-": 0, "x-start-second-line-": 2096.423966979306, "y-start-second-line-": 0.02803030303030303, "x-end-second-line-": 9177.67825544274, "y-end-second-line-": 0, "x-start-line-": 3074.7551515696487, "y-start-line-": 0.23238118489583334, "x-end-line-": 6149.510303139297, "y-end-line-": 0.11619059244791666, "x-point-": 4612.132727354473, "y-point-": 0.174285888671875}