{"granularity-": 200, "granularity-ri-": 16, "granularity-pv-": 50, "min-density-threshold-": 0, "max-density-threshold-": 0.15765380859375, "min-dist-scale-": 0, "max-dist-scale-": 0.18174604490930682, "num-jobs-ccf-": 4, "num-jobs-pv-": 4, "num-jobs-ri-": 1, "y-covariant-": "Contr", "line-": 11, "pv-gap-": 6, "pd-gap-": 1, "max-components-": 15, "max-vines-": 15, "x-start-first-line-": 0.01461238201070827, "y-start-first-line-": 0.01663641815185547, "x-end-first-line-": 0.04566369378346334, "y-end-first-line-": 0.0015844207763671876, "x-start-second-line-": 0.07123536230220281, "y-start-second-line-": 0.10774061279296876, "x-end-second-line-": 0.12877161646936663, "y-end-second-line-": 0.06971451416015625, "x-start-line-": 0.060582014969768935, "y-start-line-": 0.1051025390625, "x-end-line-": 0.12116402993953787, "y-end-line-": 0.05255126953125, "x-point-": 0.0908730224546534, "y-point-": 0.078826904296875}