{"granularity-": 500, "granularity-ri-": 16, "granularity-pv-": 100, "min-density-threshold-": 0, "max-density-threshold-": 0.18353271484375, "min-dist-scale-": 0, "max-dist-scale-": 2.5, "num-jobs-ccf-": 4, "num-jobs-pv-": 4, "num-jobs-ri-": 1, "y-covariant-": "Contr", "line-": 16, "pv-gap-": 8, "pd-gap-": 1, "max-components-": 15, "max-vines-": 11, "x-start-first-line-": 0.37070113019580064, "y-start-first-line-": 0.011122082519531252, "x-end-first-line-": 1.709344100347303, "y-end-first-line-": 0.005561041259765626, "x-start-second-line-": 0.7784307683460641, "y-start-second-line-": 0.07534555565419825, "x-end-second-line-": 1.971729646640052, "y-end-second-line-": 0.05450859340968277, "x-start-line-": 0.6796867073630375, "y-start-line-": 0.12235514322916667, "x-end-line-": 1.3593734147260752, "y-end-line-": 0.06117757161458333, "x-point-": 1.0195300610445563, "y-point-": 0.091766357421875}